Experiment,ROUGE,BLEU,METEOR,BERTScore,FKGL,DCRS,CLI,LENS,AlignScore,SummaC
1,0.34686274485901986,8.638187122798731,0.2978105884713106,0.8534419225974821,16.947183098591548,10.917640845070423,17.21200704225352,57.692236534967606,0.8800538769910033,0.7471055940423214
2,0.28819920284050915,4.5265074168379815,0.2442802838208012,0.8405676253244911,15.51619718309859,11.423978873239436,17.09887323943662,36.20606247290251,0.8231844989136912,0.5811862256115591
3,0.2884551269516967,5.002780331647182,0.2254994031001698,0.8472645998420849,15.277112676056339,11.730246478873239,16.630845070422534,47.98780178410868,0.8400675947187652,0.6443938776640825
4,0.2732293009731113,4.382554311600842,0.21323787607676986,0.8450571720449018,15.967605633802817,12.192042253521127,17.701619718309857,48.422674097612514,0.8413263429218615,0.628784529864788
5,0.3032749186721435,5.115690638092883,0.26451282405588994,0.8431336111585859,17.678521126760565,11.25404929577465,18.79598591549296,43.96276121173045,0.8296949414300248,0.568262457952533
8,0.2583149097103192,3.5618616177503295,0.24953151966713272,0.8297320906545075,14.460563380281691,11.074260563380282,15.931549295774648,28.672824759466486,0.7833998942039382,0.5205582089617219
10,0.2827448534890518,4.436211946083511,0.2593207679969778,0.835086325314683,15.045774647887324,10.940809859154932,16.72799295774648,26.127493300192207,0.8203515166967688,0.5756171248118642
12,0.29785359296997554,4.787152725803465,0.24962412851900206,0.844145375658089,14.667605633802818,10.993732394366198,16.21176056338028,46.124645715982126,0.8006945832724303,0.5813844089566822
13,0.30022390121386344,4.719852768933598,0.25630066237931215,0.8443718453947927,13.625352112676056,10.491443661971832,15.37450704225352,48.85205452066958,0.7893463603522576,0.5757959142956935
