ROUGE1,ROUGE2,ROUGEL,BERTScore,FKGL,CLI,DCRS,Experiment
0.4356728619819418,0.12337236608326807,0.3978616892264402,0.8531131127546,15.268895348837209,16.907420058139536,11.949811046511629,LLaMA_base/PLOS_val_summaries
0.4228404078577008,0.1148735125021608,0.38856731753866025,0.8483947197538476,14.934593023255815,16.63718023255814,11.612063953488372,llama_RAG_local_knowledge/PLOS_val_summaries
0.4411323786290016,0.13081879983175027,0.40503546214030567,0.8545727280163488,14.24643895348837,15.50169331395349,11.585828488372094,LLaMA_lora/PLOS_val_summaries
0.4228404078577008,0.1148735125021608,0.38856731753866025,0.8483947197538476,14.934593023255815,16.63718023255814,11.612063953488372,llama_RAG_local_knowledge/PLOS_val_summaries
