ROUGE1,ROUGE2,ROUGEL,BERTScore,FKGL,CLI,DCRS,Experiment
0.4971038241240307,0.18433031881804499,0.45720886754533613,0.86488799473574,15.771511627906976,16.043481104651164,11.047688953488372,llama_lora_RAG_local_knowledge/PLOS_val_summaries
