ROUGE1,ROUGE2,ROUGEL,BERTScore,FKGL,CLI,DCRS,Experiment
0.4228404078577008,0.1148735125021608,0.38856731753866025,0.8483947197538476,14.934593023255815,16.63718023255814,11.612063953488372,llama_RAG_local_knowledge/PLOS_val_summaries
