ROUGE1,ROUGE2,ROUGEL,BERTScore,FKGL,CLI,DCRS,Experiment
0.4356728619819418,0.12337236608326807,0.3978616892264402,0.8531131127546,15.268895348837209,16.907420058139536,11.949811046511629,LLaMA_base/PLOS_val_summaries
