ROUGE1,ROUGE2,ROUGEL,BERTScore,FKGL,CLI,DCRS,Experiment
0.4411323786290016,0.13081879983175027,0.40503546214030567,0.8545727280163488,14.24643895348837,15.50169331395349,11.585828488372094,LLaMA_lora/PLOS_val_summaries
